{"n": 80, "J": 2, "y": [[0.671507944460145, 4.229808069708], [0.895383909151681, 6.84786163559034], [0.91671130773674, 2.26605609780346], [1.7133890780127, 4.46201125283133], [-0.991546245655236, 0.979936651572879], [0.656450731450904, 0.512274556113163], [1.21701826301293, 5.11673290005619], [1.57662771613886, 3.23166097770138], [1.39061096127576, 3.96816665822345], [1.05451337795579, 2.98579326870757], [0.970738149252375, 5.60571690993152], [1.48907122239045, 6.03672273330859], [3.01400811988717, 8.13178641400837], [1.85352367500811, 6.9781154698796], [1.00025743335207, 5.94734609320493], [1.18994510575256, 2.46617737842645], [0.212814656853097, 6.70686023914787], [2.27909136907422, 12.2010762618538], [1.38993076252235, 4.2885316824679], [2.16767021516149, 6.91242683722867], [1.65165453778082, 9.57777657643102], [0.671327682782291, 3.96785941562741], [1.64408757055339, 6.732545549516], [1.88337261277553, 7.89564089467165], [0.220624769823317, -3.14299376322149], [1.72503891361002, 6.10056875056438], [1.96768525714291, 4.49725659928298], [0.235006656159198, 3.85260822424251], [0.0365681047670468, 8.45402248228364], [0.705929358005843, 8.98744321976856], [0.46614097971168, 3.94918291330397], [1.05390802063347, 6.30639414810763], [2.7114621342015, 2.35684016431729], [3.5641429114385, 4.68705496027415], [0.754723800020166, 0.863729262954175], [2.22505096986433, 4.26424098113293], [0.289488849953778, 1.2721953884056], [1.50858396443527, 5.46093054591344], [0.685649678392509, 5.23508631948791], [0.681895448481164, -5.94467690148442], [0.155216750389012, -0.008896863315766], [1.58304157083918, 10.0862827053565], [3.18260148398053, 12.0568560419285], [1.41581946398188, 8.05764107861057], [1.90155666451754, 6.13276662471717], [1.36278027664382, 10.8526992962372], [0.587936843424921, 9.88122930877262], [0.575385095727333, 0.756646071739779], [1.99799739839481, 6.43525535181629], [1.25471842840884, 2.11400765500623], [0.579553534791599, 2.09570748915014], [1.78198211958251, 7.43481345679423], [1.63465542535705, 5.4126875479101], [1.15897466931806, 4.3488034770081], [0.778569055877619, 1.87999361654061], [-0.273540153741172, -2.97079335875336], [1.99460047834465, 11.9756612879753], [0.230439952792986, 4.17853480107427], [2.0739819433573, 6.40896442178333], [1.87629515962445, 9.48625123585351], [1.34879747263984, 4.74582410197382], [-1.35477148862665, 2.22887565661886], [0.0975270958455347, 7.25856151933408], [0.458594714406934, 5.02544852784926], [0.499375487594836, 6.60727642177065], [1.95287809177809, 7.52308593580133], [1.77841692197963, 4.69890750642354], [1.35486831017376, 9.1461958788647], [0.662288883621675, 1.76151020790481], [0.740413923475142, 3.57707946420569], [1.10998800529172, 7.22825468506315], [2.07322653967806, 2.96721126231059], [1.35783426653226, 5.94254634876256], [1.7496331642429, 5.82933520729942], [0.688727653449823, 3.27877005488189], [1.00657481266431, 5.88720781274119], [-0.758238514869363, 5.49060305000744], [0.881318813132812, 5.06143513781378], [-0.569511203141238, 1.96465959518126], [0.922636639026006, 6.00422807772826]], "epsilon": [[0.407146330495304, 1.34565387979963], [0.565456519713889, 0.100218895539207], [0.723447137660614, 2.15729495793721], [1.16443071860049, 0.989308889160585], [1.11772955159506, 2.341580573604], [1.09283348340544, 0.520456588079286], [0.569151810196166, 1.21961238053601], [0.741489002408191, 2.47458906923234], [0.353638416316248, 0.73543490503717], [0.408835760469844, 3.45549034263021], [0.635926792909226, 2.77854753783293], [1.2758529839986, 1.65628869087454], [1.03338342051927, 0.168958480899016], [0.628105127804985, 2.08812241250396], [1.27376194535302, 2.25377787718367], [1.22007845574815, 1.34056256267718], [1.04252557983882, 1.25523707583564], [0.0080468349784319, 2.05937022805883], [0.914501712397743, 3.47905220827919], [1.52225384806471, 1.56711995127641], [2.07230946678245, 3.07034792187679], [0.255850491208104, 0.8699172758053], [0.287464572971104, 0.750709221752547], [0.669657736744121, 2.55894610408406], [0.543748917196735, 3.80892418849602], [0.909036106343578, 0.854101878925164], [1.21635719465793, 1.27230658492157], [0.0993518052935289, 1.37560557779477], [0.913374732137285, 2.18993181679328], [1.10432063285452, 0.47921281709338], [0.530337079162409, 1.89448870640643], [0.08846879509206, 0.787251160301228], [2.66845679475925, 1.94815096975891], [1.42996014496542, 1.63640860903199], [0.708814335243371, 1.21059062952696], [0.735786166929086, 0.249526358840967], [0.402865234176416, 0.68376635680453], [0.276202439086974, 0.80319092989055], [0.743464929984159, 0.108903134091074], [1.92939369328059, 2.43924088372525], [0.261192918894726, 2.13871669468599], [1.0575303707204, 0.614899978530011], [1.15178955014096, 0.662455183676426], [0.141065395607734, 1.13419295333966], [0.379667180582943, 0.674812653750583], [0.517452091866417, 1.29235082353057], [0.841856286187229, 1.04251282733505], [0.253891176818153, 1.54142340577821], [0.383977110175313, 0.417021833650704], [0.916809928467463, 0.0657967812950508], [0.0111821022552326, 0.158431003478325], [0.182763698200319, 1.57868552747867], [1.0246219007932, 3.2654191139771], [0.170511873042644, 1.07732361501615], [0.180420224685609, 0.293817320644676], [0.767146405318448, 2.26504494296812], [0.460107257845724, 2.92347631766218], [1.89283177335169, 0.766248876909306], [1.33515778873345, 0.931271415366465], [0.845508936144983, 1.71505547794529], [0.421211479284118, 0.280670759276393], [1.04337182899522, 1.16895391521253], [1.08208073085705, 3.08149023374584], [0.265248405302546, 1.24244953319999], [0.558928634176406, 0.0402619714869854], [0.379579973610686, 1.81622334948016], [0.362965748688546, 3.55283911843815], [0.283318958871044, 2.42609389235135], [0.755735557556357, 1.03494107221055], [1.75264609017711, 1.33701856834403], [0.728593425689598, 1.36215731874117], [1.25421267984054, 2.8514070368824], [1.07136155556376, 0.376226613256578], [0.814895788928335, 1.32361640807469], [0.19554525869578, 1.66960599651202], [0.04887043596447, 1.30173259237132], [0.343872773030177, 3.05700748457189], [0.351277499535214, 2.05171725116429], [1.0089657157098, 1.73811792870242], [0.698077816770242, 0.341836346403917]], "sigma_sigma_theta": 5, "sigma_sigma_beta": 5, "sigma_mu_theta": 2, "sigma_mu_beta": 2, "cor_val": 1}